t,raw,filtered,,,raw,filtered
0,0.085369,0.085369,,,0.091415,0.085369
0.001,0.132594,0.132594,,,-0.218781,0.108981
0.002,0.151654,0.151654,,,0.405483,0.123206
0.003,0.174938,0.174938,,,0.538081,0.153062
0.004,0.165932,0.165932,,,-0.269766,0.164175
0.005,0.202923,0.202923,,,-0.034219,0.181264
0.006,0.241001,0.241001,,,0.415945,0.203285
0.007,0.28547,0.28547,,,0.285074,0.243131
0.008,0.300746,0.300746,,,0.361207,0.275739
0.009,0.285995,0.285995,,,0.084881,0.290737
0.01,0.310174,0.310174,,,0.572836,0.298972
0.011,0.349846,0.349846,,,0.510272,0.315338
0.012,0.317448,0.317448,,,0.270377,0.325823
0.013,0.353515,0.353515,,,0.573517,0.340270
0.014,0.364796,0.364796,,,0.375821,0.345253
0.015,0.405473,0.405473,,,-0.003797,0.374595
0.016,0.396163,0.396163,,,0.402168,0.388811
0.017,0.451752,0.451752,,,0.059573,0.417796
0.018,0.497786,0.497786,,,0.681805,0.448567
0.019,0.51349,0.51349,,,0.485302,0.487676
0.02,0.552185,0.552185,,,0.532327,0.521154
0.021,0.65061,0.65061,,,0.470432,0.572095
0.022,0.706917,0.706917,,,1.121743,0.636571
0.023,0.793491,0.793491,,,0.776756,0.717006
0.024,0.820709,0.820709,,,0.74626,0.773706
0.025,0.908547,0.908547,,,0.801467,0.840916
0.026,0.91864,0.91864,,,1.078873,0.882632
0.027,0.927973,0.927973,,,1.021548,0.918387
0.028,0.867343,0.867343,,,1.01189,0.904652
0.029,0.8759,0.8759,,,0.981205,0.890405
0.03,0.901667,0.901667,,,1.451511,0.881637
0.031,0.890664,0.890664,,,0.643353,0.889410
0.032,0.838394,0.838394,,,0.573098,0.876908
0.033,0.796878,0.796878,,,0.454807,0.841979
0.034,0.802548,0.802548,,,0.870889,0.812607
0.035,0.820078,0.820078,,,1.029698,0.806501
0.036,0.795853,0.795853,,,0.680432,0.806160
0.037,0.817956,0.817956,,,0.503904,0.811296
0.038,0.875617,0.875617,,,0.564875,0.829809
0.039,0.944044,0.944044,,,1.074255,0.879206
0.04,0.978809,0.978809,,,1.174033,0.932823
0.041,1.01645,1.01645,,,1.185043,0.979768
0.042,1.065906,1.065906,,,0.886487,1.020388
0.043,1.140029,1.140029,,,1.207369,1.074128
0.044,1.187002,1.187002,,,1.207504,1.130979
0.045,1.188137,1.188137,,,1.253295,1.171723
0.046,1.18387,1.18387,,,1.443755,1.186336
0.047,1.11644,1.11644,,,1.224444,1.162816
0.048,1.102929,1.102929,,,1.319258,1.134413
0.049,1.05324,1.05324,,,1.081584,1.090870
0.05,0.997651,0.997651,,,1.086736,1.051273
0.051,0.948218,0.948218,,,1.12709,0.999703
0.052,0.931749,0.931749,,,0.443323,0.959206
0.053,0.874188,0.874188,,,0.737857,0.918052
0.054,0.862344,0.862344,,,0.660792,0.889427
0.055,0.804582,0.804582,,,0.596025,0.847038
0.056,0.787807,0.787807,,,0.709533,0.818244
0.057,0.784996,0.784996,,,1.262596,0.792462
0.058,0.858823,0.858823,,,0.591277,0.810542
0.059,0.910691,0.910691,,,1.188974,0.851503
0.06,0.971438,0.971438,,,0.446196,0.913651
0.061,1.0047,1.0047,,,0.902219,0.962276
0.062,1.020546,1.020546,,,1.096159,0.998895
0.063,1.016608,1.016608,,,1.255425,1.013951
0.064,1.038446,1.038446,,,1.308406,1.025200
0.065,0.969113,0.969113,,,1.329011,1.008056
0.066,0.963855,0.963855,,,0.9619,0.990471
0.067,0.916119,0.916119,,,0.88384,0.949696
0.068,0.88351,0.88351,,,1.219278,0.921161
0.069,0.822242,0.822242,,,0.831493,0.873957
0.07,0.768228,0.768228,,,0.426311,0.824660
0.071,0.680696,0.680696,,,0.388365,0.757055
0.072,0.642985,0.642985,,,0.377121,0.697303
0.073,0.626958,0.626958,,,0.737456,0.650213
0.074,0.557778,0.557778,,,0.581485,0.609240
0.075,0.54808,0.54808,,,0.714252,0.577605
0.076,0.547989,0.547989,,,0.36616,0.551282
0.077,0.56218,0.56218,,,0.54707,0.552750
0.078,0.578471,0.578471,,,0.707544,0.562880
0.079,0.539904,0.539904,,,0.4583,0.560185
0.08,0.559776,0.559776,,,0.724818,0.559384
0.081,0.538042,0.538042,,,0.425309,0.545907
0.082,0.555909,0.555909,,,0.544468,0.551242
0.083,0.563439,0.563439,,,0.556323,0.552463
0.084,0.547708,0.547708,,,0.313213,0.555685
0.085,0.552284,0.552284,,,0.800082,0.554477
0.086,0.50345,0.50345,,,0.47517,0.534481
0.087,0.465162,0.465162,,,0.5627,0.506965
0.088,0.418612,0.418612,,,0.629906,0.462408
0.089,0.321762,0.321762,,,0.534501,0.401845
0.09,0.249861,0.249861,,,0.508633,0.330078
0.091,0.135155,0.135155,,,0.187642,0.235593
0.092,0.058606,0.058606,,,0.004143,0.147874
0.093,0.013375,0.013375,,,0.032424,0.069045
0.094,-0.071347,-0.071347,,,-0.50903,0.000211
0.095,-0.130251,-0.130251,,,-0.477699,-0.062741
0.096,-0.138294,-0.138294,,,-0.461688,-0.113297
0.097,-0.16009,-0.16009,,,-0.366869,-0.142878
0.098,-0.134198,-0.134198,,,0.065166,-0.144194
0.099,-0.15671,-0.15671,,,-0.302036,-0.150333
0.1,-0.112077,-0.112077,,,-0.113449,-0.134328
0.101,-0.094303,-0.094303,,,0.420161,-0.121030
0.102,-0.066699,-0.066699,,,-0.052113,-0.091026
0.103,-0.022351,-0.022351,,,0.28895,-0.061118
0.104,-0.095128,-0.095128,,,-0.215207,-0.061393
0.105,-0.083915,-0.083915,,,-0.018066,-0.067131
0.106,-0.103531,-0.103531,,,-0.282177,-0.094191
0.107,-0.202084,-0.202084,,,-0.15805,-0.129843
0.108,-0.287598,-0.287598,,,0.12096,-0.197738
0.109,-0.367898,-0.367898,,,-0.735384,-0.285860
0.11,-0.422229,-0.422229,,,-0.17869,-0.359242
0.111,-0.475328,-0.475328,,,-0.329221,-0.421818
0.112,-0.510066,-0.510066,,,-0.663927,-0.469208
0.113,-0.511411,-0.511411,,,-0.992769,-0.498935
0.114,-0.585652,-0.585652,,,-0.594352,-0.535710
0.115,-0.600148,-0.600148,,,-0.812838,-0.565737
0.116,-0.629114,-0.629114,,,-0.602162,-0.604971
0.117,-0.640446,-0.640446,,,-0.664289,-0.623236
0.118,-0.58843,-0.58843,,,-0.17285,-0.619330
0.119,-0.520342,-0.520342,,,-0.695693,-0.583073
0.12,-0.502678,-0.502678,,,-0.894835,-0.537150
0.121,-0.437853,-0.437853,,,-0.497321,-0.486958
0.122,-0.469014,-0.469014,,,-0.453868,-0.469848
0.123,-0.485432,-0.485432,,,-0.091752,-0.464100
0.124,-0.561202,-0.561202,,,-0.243802,-0.505216
0.125,-0.582136,-0.582136,,,-0.400045,-0.542923
0.126,-0.619141,-0.619141,,,-0.099766,-0.587493
0.127,-0.644051,-0.644051,,,-0.944937,-0.615109
0.128,-0.70181,-0.70181,,,-0.844882,-0.655001
0.129,-0.830538,-0.830538,,,-1.006324,-0.725466
0.13,-0.935254,-0.935254,,,-0.92596,-0.822534
0.131,-0.989885,-0.989885,,,-1.30189,-0.918559
0.132,-1.056099,-1.056099,,,-0.77134,-0.993746
0.133,-1.010951,-1.010951,,,-1.089212,-1.018978
0.134,-0.945828,-0.945828,,,-1.50776,-1.004293
0.135,-0.929502,-0.929502,,,-1.39568,-0.962094
0.136,-0.953992,-0.953992,,,-1.000984,-0.943107
0.137,-0.971151,-0.971151,,,-0.82812,-0.951548
0.138,-0.967738,-0.967738,,,-0.448314,-0.964294
0.139,-0.962897,-0.962897,,,-0.128525,-0.967262
0.14,-0.908764,-0.908764,,,-0.826734,-0.946466
0.141,-0.871478,-0.871478,,,-1.195352,-0.914380
0.142,-0.860115,-0.860115,,,-1.49064,-0.880119
0.143,-0.835802,-0.835802,,,-0.7338,-0.855798
0.144,-0.876009,-0.876009,,,-1.035958,-0.857309
0.145,-0.95956,-0.95956,,,-0.912296,-0.890457
0.146,-1.00913,-1.00913,,,-0.985532,-0.948233
0.147,-1.047552,-1.047552,,,-0.875996,-1.005414
0.148,-1.030517,-1.030517,,,-0.560676,-1.029066
0.149,-1.072759,-1.072759,,,-0.890589,-1.050276
0.15,-1.038337,-1.038337,,,-1.04759,-1.047204
0.151,-1.058438,-1.058438,,,-1.372006,-1.056511
0.152,-1.045472,-1.045472,,,-1.617989,-1.047416
0.153,-1.078193,-1.078193,,,-1.303258,-1.060701
0.154,-1.152457,-1.152457,,,-1.198461,-1.092041
0.155,-1.184275,-1.184275,,,-0.657309,-1.138308
0.156,-1.188735,-1.188735,,,-1.133416,-1.175156
0.157,-1.079796,-1.079796,,,-0.842898,-1.150935
0.158,-1.02383,-1.02383,,,-1.235929,-1.097454
0.159,-0.94745,-0.94745,,,-1.37758,-1.017025
0.16,-0.925943,-0.925943,,,-1.240592,-0.965741
0.161,-0.903153,-0.903153,,,-1.096645,-0.925515
0.162,-0.853156,-0.853156,,,-0.173679,-0.894084
0.163,-0.846871,-0.846871,,,-1.002367,-0.867727
0.164,-0.805196,-0.805196,,,-0.463069,-0.835074
0.165,-0.771367,-0.771367,,,-0.961885,-0.807811
0.166,-0.723871,-0.723871,,,-0.406623,-0.766811
0.167,-0.717318,-0.717318,,,-0.583453,-0.737519
0.168,-0.817856,-0.817856,,,-0.773762,-0.753015
0.169,-0.845146,-0.845146,,,-0.777506,-0.793440
0.17,-0.880806,-0.880806,,,-1.005453,-0.847936
0.171,-0.82982,-0.82982,,,-0.718137,-0.851924
0.172,-0.863319,-0.863319,,,-1.024565,-0.857982
0.173,-0.882148,-0.882148,,,-1.279596,-0.858429
0.174,-0.865348,-0.865348,,,-1.302561,-0.870272
0.175,-0.812483,-0.812483,,,-0.85533,-0.853326
0.176,-0.760575,-0.760575,,,-0.401031,-0.812802
0.177,-0.744521,-0.744521,,,-0.775118,-0.772526
0.178,-0.652775,-0.652775,,,-0.790573,-0.719290
0.179,-0.551258,-0.551258,,,-0.588963,-0.649518
0.18,-0.414049,-0.414049,,,-0.195985,-0.539361
0.181,-0.35271,-0.35271,,,-0.434465,-0.439339
0.182,-0.371042,-0.371042,,,-0.541548,-0.379267
0.183,-0.360669,-0.360669,,,-0.015351,-0.361474
0.184,-0.26895,-0.26895,,,-0.162915,-0.333554
0.185,-0.196491,-0.196491,,,0.206736,-0.275370
0.186,-0.214551,-0.214551,,,-0.180598,-0.226664
0.187,-0.2188,-0.2188,,,-0.602685,-0.209947
0.188,-0.164252,-0.164252,,,-0.661015,-0.199201
0.189,-0.227375,-0.227375,,,0.218344,-0.203476
0.19,-0.269369,-0.269369,,,0.208083,-0.220332
0.191,-0.299304,-0.299304,,,-0.39465,-0.265349
0.192,-0.316912,-0.316912,,,-0.481203,-0.295195
0.193,-0.278658,-0.278658,,,0.058487,-0.298291
0.194,-0.231497,-0.231497,,,-0.709706,-0.275689
0.195,-0.24214,-0.24214,,,-0.624853,-0.250765
0.196,-0.214197,-0.214197,,,-0.122546,-0.229278
0.197,-0.159454,-0.159454,,,-0.374293,-0.205264
0.198,-0.074881,-0.074881,,,-0.181884,-0.149511
0.199,-0.107426,-0.107426,,,-0.142247,-0.113920
0.2,-0.011833,-0.011833,,,0.101272,-0.064713
0.201,0.056301,0.056301,,,0.515459,-0.020986
0.202,0.068742,0.068742,,,0.207523,0.037737
0.203,0.112114,0.112114,,,0.449093,0.079052
0.204,0.150518,0.150518,,,-0.299507,0.110458
0.205,0.216521,0.216521,,,0.341819,0.159718
0.206,0.196316,0.196316,,,0.124624,0.187785
0.207,0.17307,0.17307,,,0.014303,0.195302
0.208,0.162395,0.162395,,,0.102801,0.177260
0.209,0.134047,0.134047,,,0.240557,0.156504
0.21,0.211713,0.211713,,,0.583788,0.169385
0.211,0.221818,0.221818,,,-0.120983,0.189193
0.212,0.27853,0.27853,,,0.259757,0.237354
0.213,0.311041,0.311041,,,0.090094,0.270463
0.214,0.328195,0.328195,,,0.137266,0.305922
0.215,0.353656,0.353656,,,0.554818,0.330964
0.216,0.368535,0.368535,,,0.452977,0.350129
0.217,0.452984,0.452984,,,0.748457,0.391725
0.218,0.474624,0.474624,,,0.371918,0.432048
0.219,0.548425,0.548425,,,0.291497,0.492011
0.22,0.624635,0.624635,,,0.520628,0.549228
0.221,0.726417,0.726417,,,0.747459,0.633159
0.222,0.819326,0.819326,,,0.807953,0.723459
0.223,0.808747,0.808747,,,0.497799,0.784830
0.224,0.84455,0.84455,,,0.901905,0.824208
0.225,0.851685,0.851685,,,0.975575,0.834994
0.226,0.857815,0.857815,,,1.674422,0.851350
0.227,0.864542,0.864542,,,1.474968,0.858014
0.228,0.887519,0.887519,,,0.632097,0.869959
0.229,0.884752,0.884752,,,0.765743,0.878938
0.23,0.847739,0.847739,,,0.369984,0.873337
0.231,0.765453,0.765453,,,0.588065,0.832648
0.232,0.67752,0.67752,,,0.821452,0.763571
0.233,0.588295,0.588295,,,1.060695,0.677089
0.234,0.596308,0.596308,,,0.46737,0.620708
0.235,0.589241,0.589241,,,0.494763,0.591281
0.236,0.645953,0.645953,,,0.070429,0.610501
0.237,0.643294,0.643294,,,0.707151,0.626163
0.238,0.632036,0.632036,,,0.493495,0.640428
0.239,0.70027,0.70027,,,0.720246,0.658533
0.24,0.730642,0.730642,,,0.687998,0.687649
0.241,0.763236,0.763236,,,0.993818,0.731383
0.242,0.912146,0.912146,,,0.558822,0.802008
0.243,1.028505,1.028505,,,0.697607,0.901296
0.244,1.048173,1.048173,,,1.811273,0.996275
0.245,1.063562,1.063562,,,0.801462,1.046747
0.246,1.095577,1.095577,,,0.85329,1.069104
0.247,1.132419,1.132419,,,1.708439,1.097186
0.248,1.130499,1.130499,,,1.987104,1.119498
0.249,1.133291,1.133291,,,0.70984,1.132070
0.25,1.061438,1.061438,,,0.889525,1.108409
0.251,1.072442,1.072442,,,1.04017,1.089057
0.252,1.058622,1.058622,,,1.399079,1.064167
0.253,0.977026,0.977026,,,0.537701,1.036030
0.254,0.840564,0.840564,,,0.72832,0.958737
0.255,0.855997,0.855997,,,1.02089,0.891196
0.256,0.859019,0.859019,,,0.922506,0.851860
0.257,0.866002,0.866002,,,0.701267,0.860339
0.258,0.821809,0.821809,,,0.810879,0.848943
0.259,0.885336,0.885336,,,0.486022,0.857716
0.26,0.945927,0.945927,,,0.879604,0.884357
0.261,0.954314,0.954314,,,0.922768,0.928526
0.262,0.973002,0.973002,,,1.116985,0.957748
0.263,0.998145,0.998145,,,0.91296,0.975154
0.264,1.005238,1.005238,,,1.2365,0.992128
0.265,1.014923,1.014923,,,1.394821,1.006102
0.266,1.009804,1.009804,,,1.113147,1.009988
0.267,0.982622,0.982622,,,1.128072,1.002450
0.268,0.991647,0.991647,,,0.977832,0.994691
0.269,1.000538,1.000538,,,0.888909,0.991602
0.27,0.944753,0.944753,,,0.59255,0.978979
0.271,0.84208,0.84208,,,0.8233,0.929124
0.272,0.755956,0.755956,,,0.62377,0.847596
0.273,0.733151,0.733151,,,1.216258,0.777062
0.274,0.701523,0.701523,,,1.010764,0.730210
0.275,0.687243,0.687243,,,0.622861,0.707306
0.276,0.642512,0.642512,,,0.265419,0.677093
0.277,0.652359,0.652359,,,0.165785,0.660705
0.278,0.669032,0.669032,,,0.87721,0.654634
0.279,0.589266,0.589266,,,0.629928,0.636886
0.28,0.543972,0.543972,,,0.731828,0.600757
0.281,0.55054,0.55054,,,0.100511,0.561259
0.282,0.578656,0.578656,,,0.931615,0.557723
0.283,0.599769,0.599769,,,0.807171,0.576322
0.284,0.553613,0.553613,,,0.338836,0.577346
0.285,0.517567,0.517567,,,0.512533,0.556983
0.286,0.474943,0.474943,,,0.695106,0.515374
0.287,0.517858,0.517858,,,0.574691,0.503456
0.288,0.368288,0.368288,,,0.39803,0.453696
0.289,0.288192,0.288192,,,0.369495,0.391446
0.29,0.258242,0.258242,,,0.233424,0.304907
0.291,0.213822,0.213822,,,0.262956,0.253419
0.292,0.134334,0.134334,,,0.57258,0.202133
0.293,0.0292,0.0292,,,-0.713658,0.125785
0.294,-0.000802,-0.000802,,,-0.073885,0.054244
0.295,0.012717,0.012717,,,0.009388,0.013705
0.296,-0.047573,-0.047573,,,0.02392,-0.011886
0.297,-0.042941,-0.042941,,,-0.179269,-0.025932
0.298,-0.097799,-0.097799,,,-0.581783,-0.062771
0.299,-0.028695,-0.028695,,,0.068006,-0.056478
0.3,-0.046734,-0.046734,,,0.518205,-0.057743
0.301,-0.056451,-0.056451,,,-0.429766,-0.043960
0.302,-0.028292,-0.028292,,,0.313915,-0.043826
0.303,-0.008025,-0.008025,,,-0.030862,-0.030923
0.304,0.072365,0.072365,,,0.046481,0.012016
0.305,0.070201,0.070201,,,-0.272304,0.044847
0.306,-0.001346,-0.001346,,,-0.097507,0.047073
0.307,0.041133,0.041133,,,0.333674,0.036663
0.308,-0.026246,-0.026246,,,0.043664,0.004514
0.309,-0.056858,-0.056858,,,0.302506,-0.013990
0.31,-0.128626,-0.128626,,,0.044207,-0.070577
0.311,-0.163144,-0.163144,,,-0.268815,-0.116209
0.312,-0.234286,-0.234286,,,0.037499,-0.175352
0.313,-0.29703,-0.29703,,,-0.427253,-0.231487
0.314,-0.389852,-0.389852,,,-0.367594,-0.307056
0.315,-0.449451,-0.449451,,,-0.742962,-0.378778
0.316,-0.508769,-0.508769,,,-0.652001,-0.449357
0.317,-0.499649,-0.499649,,,-0.880072,-0.485956
0.318,-0.52799,-0.52799,,,-0.356509,-0.512136
0.319,-0.484434,-0.484434,,,-0.977378,-0.504024
0.32,-0.477187,-0.477187,,,-0.35308,-0.496537
0.321,-0.501497,-0.501497,,,-0.608299,-0.487706
0.322,-0.497533,-0.497533,,,-0.168493,-0.492072
0.323,-0.508849,-0.508849,,,-0.274248,-0.502626
0.324,-0.556788,-0.556788,,,0.051858,-0.521057
0.325,-0.500267,-0.500267,,,-0.287874,-0.521968
0.326,-0.53159,-0.53159,,,-1.010369,-0.529548
0.327,-0.582795,-0.582795,,,-0.608394,-0.538217
0.328,-0.688083,-0.688083,,,-1.004558,-0.600823
0.329,-0.759214,-0.759214,,,-0.883836,-0.676697
0.33,-0.89629,-0.89629,,,-0.355648,-0.781196
0.331,-0.987972,-0.987972,,,-0.697624,-0.881159
0.332,-0.985753,-0.985753,,,-1.171564,-0.956672
0.333,-0.994148,-0.994148,,,-1.326661,-0.989291
0.334,-0.977375,-0.977375,,,-1.056683,-0.985759
0.335,-1.045975,-1.045975,,,-1.455975,-1.005833
0.336,-1.087024,-1.087024,,,-1.29638,-1.036791
0.337,-1.099005,-1.099005,,,-0.985955,-1.077335
0.338,-1.055221,-1.055221,,,-0.70074,-1.080417
0.339,-0.962544,-0.962544,,,-0.820056,-1.038923
0.34,-0.99436,-0.99436,,,-1.638443,-1.004042
0.341,-0.95102,-0.95102,,,-0.80718,-0.969308
0.342,-0.892848,-0.892848,,,-0.829416,-0.946076
0.343,-0.926393,-0.926393,,,-0.689946,-0.923420
0.344,-0.907682,-0.907682,,,-0.307213,-0.908974
0.345,-0.913994,-0.913994,,,-1.40666,-0.916023
0.346,-0.838439,-0.838439,,,-0.979234,-0.886705
0.347,-0.882047,-0.882047,,,-0.656487,-0.878160
0.348,-0.889667,-0.889667,,,-1.354948,-0.870051
0.349,-0.905289,-0.905289,,,-0.494918,-0.892334
0.35,-0.978981,-0.978981,,,-0.889493,-0.924646
0.351,-0.951301,-0.951301,,,-0.807335,-0.945190
0.352,-0.958335,-0.958335,,,-1.286867,-0.962872
0.353,-1.020941,-1.020941,,,-0.913236,-0.976859
0.354,-0.994705,-0.994705,,,-0.861785,-0.991327
0.355,-1.040332,-1.040332,,,-1.117825,-1.018659
0.356,-1.028929,-1.028929,,,-1.102178,-1.021322
0.357,-1.002105,-1.002105,,,-1.056617,-1.023789
0.358,-0.982709,-0.982709,,,-1.345144,-1.004581
0.359,-0.968062,-0.968062,,,-1.066356,-0.984292
0.36,-0.912133,-0.912133,,,-0.996813,-0.954301
0.361,-0.893165,-0.893165,,,-0.764059,-0.924453
0.362,-0.878932,-0.878932,,,-0.512272,-0.894743
0.363,-0.843428,-0.843428,,,-1.073512,-0.871842
0.364,-0.767684,-0.767684,,,-0.752118,-0.830015
0.365,-0.743978,-0.743978,,,-0.24657,-0.785030
0.366,-0.694565,-0.694565,,,-0.909172,-0.735409
0.367,-0.682472,-0.682472,,,-0.945614,-0.707005
0.368,-0.695844,-0.695844,,,-0.666079,-0.690960
0.369,-0.666702,-0.666702,,,-0.511962,-0.681673
0.37,-0.61731,-0.61731,,,-0.805589,-0.659952
0.371,-0.680014,-0.680014,,,-0.45327,-0.654675
0.372,-0.726832,-0.726832,,,-0.631032,-0.674719
0.373,-0.665749,-0.665749,,,-0.659368,-0.690865
0.374,-0.679016,-0.679016,,,-0.752945,-0.690532
0.375,-0.682967,-0.682967,,,-0.208811,-0.675911
0.376,-0.619497,-0.619497,,,-0.936307,-0.660493
0.377,-0.660013,-0.660013,,,-1.424172,-0.654159
0.378,-0.668349,-0.668349,,,-0.273705,-0.649286
0.379,-0.678582,-0.678582,,,-0.81202,-0.668981
0.38,-0.654881,-0.654881,,,-0.555421,-0.667271
0.381,-0.645323,-0.645323,,,-0.107415,-0.659595
0.382,-0.567303,-0.567303,,,-0.898948,-0.622502
0.383,-0.453077,-0.453077,,,-0.722732,-0.555234
0.384,-0.491901,-0.491901,,,-0.771926,-0.504094
0.385,-0.509176,-0.509176,,,-0.492231,-0.484718
0.386,-0.488182,-0.488182,,,-0.103677,-0.496420
0.387,-0.524579,-0.524579,,,-0.078088,-0.507312
0.388,-0.464868,-0.464868,,,-0.167685,-0.492543
0.389,-0.414348,-0.414348,,,-0.700764,-0.467932
0.39,-0.372806,-0.372806,,,-1.002048,-0.417341
0.391,-0.336012,-0.336012,,,-0.324488,-0.374389
0.392,-0.343601,-0.343601,,,-0.50778,-0.350806
0.393,-0.338441,-0.338441,,,-0.242131,-0.339351
0.394,-0.350889,-0.350889,,,-0.167007,-0.344310
0.395,-0.292081,-0.292081,,,-0.314962,-0.327137
0.396,-0.187146,-0.187146,,,-0.087505,-0.276705
0.397,-0.118873,-0.118873,,,-0.187148,-0.199367
0.398,-0.060185,-0.060185,,,-0.021328,-0.122068
0.399,0.004726,0.004726,,,-0.304616,-0.058111
0.4,0.045062,0.045062,,,-0.053883,-0.003466
0.401,0.104815,0.104815,,,0.152247,0.051534
0.402,0.169934,0.169934,,,0.426506,0.106604
0.403,0.165887,0.165887,,,0.137789,0.146879
0.404,0.163449,0.163449,,,0.471895,0.166423
0.405,0.17881,0.17881,,,0.276683,0.169382
0.406,0.14524,0.14524,,,0.34233,0.162500
0.407,0.135681,0.135681,,,0.628802,0.153244
0.408,0.138741,0.138741,,,-0.231671,0.139887
0.409,0.139861,0.139861,,,-0.048147,0.138094
0.41,0.125446,0.125446,,,-0.135639,0.134683
0.411,0.156502,0.156502,,,-0.42315,0.140603
0.412,0.193158,0.193158,,,0.047088,0.158369
0.413,0.172133,0.172133,,,0.460175,0.173931
0.414,0.27559,0.27559,,,0.150103,0.213627
0.415,0.335915,0.335915,,,0.313328,0.261213
0.416,0.386745,0.386745,,,0.618308,0.332750
0.417,0.477637,0.477637,,,0.745544,0.400099
0.418,0.507806,0.507806,,,0.397528,0.457396
0.419,0.521274,0.521274,,,0.906356,0.502239
0.42,0.580328,0.580328,,,0.615423,0.536469
0.421,0.657322,0.657322,,,0.423491,0.586308
0.422,0.730943,0.730943,,,0.576661,0.656198
0.423,0.706204,0.706204,,,0.378954,0.698156
0.424,0.75823,0.75823,,,0.608318,0.731792
0.425,0.721002,0.721002,,,0.799702,0.728479
0.426,0.747572,0.747572,,,1.160255,0.742268
0.427,0.771568,0.771568,,,1.428145,0.746714
0.428,0.73275,0.73275,,,0.473416,0.750630
0.429,0.785989,0.785989,,,0.969807,0.763436
0.43,0.777006,0.777006,,,0.496854,0.765248
0.431,0.75471,0.75471,,,0.907686,0.772568
0.432,0.68878,0.68878,,,0.687445,0.740165
0.433,0.614943,0.614943,,,0.149667,0.686144
0.434,0.663491,0.663491,,,0.964584,0.655738
0.435,0.656625,0.656625,,,0.509506,0.645020
0.436,0.713338,0.713338,,,0.554446,0.677818
0.437,0.739432,0.739432,,,0.435026,0.703132
0.438,0.816384,0.816384,,,0.615934,0.756385
0.439,0.90002,0.90002,,,1.007445,0.818612
0.44,0.880024,0.880024,,,0.894283,0.865476
0.441,0.970296,0.970296,,,1.120696,0.916780
0.442,1.016066,1.016066,,,1.194717,0.955462
0.443,1.108333,1.108333,,,1.533919,1.031565
0.444,1.159277,1.159277,,,1.069663,1.094559
0.445,1.155024,1.155024,,,0.744631,1.140878
0.446,1.168483,1.168483,,,1.502493,1.160928
0.447,1.199854,1.199854,,,1.057919,1.174454
0.448,1.223685,1.223685,,,1.449962,1.197341
0.449,1.15903,1.15903,,,1.176323,1.194190
0.45,1.137765,1.137765,,,0.960659,1.173493
0.451,1.17143,1.17143,,,1.042336,1.156075
0.452,1.085787,1.085787,,,1.465773,1.131661
0.453,1.076062,1.076062,,,1.456853,1.111093
0.454,1.025223,1.025223,,,0.822718,1.062357
0.455,1.013305,1.013305,,,0.835746,1.038197
0.456,0.994397,0.994397,,,1.114948,1.010975
0.457,0.9515,0.9515,,,0.560415,0.986401
0.458,0.859853,0.859853,,,0.950947,0.935250
0.459,0.796487,0.796487,,,0.890731,0.869280
0.46,0.808368,0.808368,,,1.045229,0.821569
0.461,0.821351,0.821351,,,0.752674,0.808735
0.462,0.865784,0.865784,,,0.570463,0.831834
0.463,0.932445,0.932445,,,0.457663,0.873193
0.464,0.900564,0.900564,,,0.759823,0.899598
0.465,0.902618,0.902618,,,0.953404,0.911876
0.466,0.862709,0.862709,,,0.978561,0.888630
0.467,0.845889,0.845889,,,1.603715,0.870405
0.468,0.852565,0.852565,,,1.293683,0.853721
0.469,0.876824,0.876824,,,0.600257,0.858426
0.47,0.844597,0.844597,,,0.91333,0.857995
0.471,0.831878,0.831878,,,0.606228,0.851100
0.472,0.757184,0.757184,,,0.567647,0.811220
0.473,0.658825,0.658825,,,0.643905,0.749296
0.474,0.662163,0.662163,,,0.724509,0.692724
0.475,0.667114,0.667114,,,0.405329,0.662701
0.476,0.679888,0.679888,,,0.813491,0.669722
0.477,0.686671,0.686671,,,0.156927,0.677891
0.478,0.711892,0.711892,,,0.521769,0.692817
0.479,0.712894,0.712894,,,1.330406,0.703819
0.48,0.701836,0.701836,,,0.654709,0.708874
0.481,0.699729,0.699729,,,1.053851,0.704820
0.482,0.688324,0.688324,,,0.68084,0.696630
0.483,0.694987,0.694987,,,0.845078,0.694347
0.484,0.702119,0.702119,,,0.65493,0.695143
0.485,0.638864,0.638864,,,0.602868,0.678657
0.486,0.609086,0.609086,,,0.382146,0.650023
0.487,0.517395,0.517395,,,0.688042,0.588448
0.488,0.473004,0.473004,,,0.23022,0.533162
0.489,0.387503,0.387503,,,0.600217,0.459301
0.49,0.349518,0.349518,,,0.634603,0.403342
0.491,0.238866,0.238866,,,0.327147,0.325296
0.492,0.188819,0.188819,,,0.045258,0.259068
0.493,0.066996,0.066996,,,0.19253,0.164894
0.494,0.002529,0.002529,,,-0.095432,0.086115
0.495,-0.014839,-0.014839,,,0.237099,0.018229
0.496,-0.045354,-0.045354,,,-0.6143,-0.019221
0.497,-0.089738,-0.089738,,,-0.168377,-0.049977
0.498,-0.128675,-0.128675,,,-0.65201,-0.087922
0.499,-0.221131,-0.221131,,,-0.478911,-0.146515
0.5,-0.223317,-0.223317,,,0.409159,-0.191041
0.501,-0.178603,-0.178603,,,0.298948,-0.207684
0.502,-0.116019,-0.116019,,,-0.161078,-0.172646
0.503,-0.127894,-0.127894,,,-0.383056,-0.140839
0.504,-0.075681,-0.075681,,,-0.824481,-0.106531
0.505,-0.102808,-0.102808,,,-0.119483,-0.102128
0.506,-0.184526,-0.184526,,,0.728954,-0.121005
0.507,-0.253143,-0.253143,,,0.074125,-0.180159
0.508,-0.291661,-0.291661,,,-0.299005,-0.243110
0.509,-0.29127,-0.29127,,,-0.077664,-0.278691
0.51,-0.266371,-0.266371,,,-0.777305,-0.283101
0.511,-0.29837,-0.29837,,,-0.489738,-0.285337
0.512,-0.444398,-0.444398,,,-0.455838,-0.336380
0.513,-0.486049,-0.486049,,,-0.584781,-0.409606
0.514,-0.471158,-0.471158,,,-0.378749,-0.467202
0.515,-0.543991,-0.543991,,,-0.550597,-0.500399
0.516,-0.547638,-0.547638,,,-0.471467,-0.520929
0.517,-0.513946,-0.513946,,,-0.877356,-0.535192
0.518,-0.523135,-0.523135,,,-0.384039,-0.528240
0.519,-0.476626,-0.476626,,,-0.135206,-0.504569
0.52,-0.500364,-0.500364,,,-0.87883,-0.500042
0.521,-0.459605,-0.459605,,,-0.817412,-0.478865
0.522,-0.466641,-0.466641,,,-0.119132,-0.475537
0.523,-0.439198,-0.439198,,,-0.556912,-0.455148
0.524,-0.427825,-0.427825,,,-0.073189,-0.444555
0.525,-0.498947,-0.498947,,,-0.639867,-0.455323
0.526,-0.525528,-0.525528,,,-0.102244,-0.484100
0.527,-0.550896,-0.550896,,,-0.548862,-0.525124
0.528,-0.620688,-0.620688,,,-0.575488,-0.565704
0.529,-0.709718,-0.709718,,,-0.258936,-0.627101
0.53,-0.784861,-0.784861,,,-0.917548,-0.705089
0.531,-0.840934,-0.840934,,,-1.171221,-0.778504
0.532,-0.898477,-0.898477,,,-1.096454,-0.841424
0.533,-1.009091,-1.009091,,,-0.886845,-0.916167
0.534,-1.069379,-1.069379,,,-1.536246,-0.992316
0.535,-1.178293,-1.178293,,,-0.899765,-1.085588
0.536,-1.199094,-1.199094,,,-1.25667,-1.148922
0.537,-1.163231,-1.163231,,,-0.735214,-1.180206
0.538,-1.142452,-1.142452,,,-1.765612,-1.168259
0.539,-1.140747,-1.140747,,,-1.238654,-1.148810
0.54,-1.077037,-1.077037,,,-1.456997,-1.120079
0.541,-1.062594,-1.062594,,,-1.146359,-1.093459
0.542,-1.051653,-1.051653,,,-0.776726,-1.063761
0.543,-1.04558,-1.04558,,,-0.867881,-1.053276
0.544,-0.952243,-0.952243,,,-0.868089,-1.016492
0.545,-0.920046,-0.920046,,,-0.835444,-0.972623
0.546,-0.868897,-0.868897,,,-0.740887,-0.913729
0.547,-0.858015,-0.858015,,,-1.136319,-0.882319
0.548,-0.837116,-0.837116,,,-0.668415,-0.854676
0.549,-0.868077,-0.868077,,,-0.738903,-0.854403
0.55,-0.905507,-0.905507,,,-0.884489,-0.870233
0.551,-0.956699,-0.956699,,,-0.89435,-0.910094
0.552,-1.020927,-1.020927,,,-1.026658,-0.961044
0.553,-1.050306,-1.050306,,,-0.546843,-1.009311
0.554,-1.106699,-1.106699,,,-1.208454,-1.059311
0.555,-1.127913,-1.127913,,,-1.279813,-1.094973
0.556,-1.118304,-1.118304,,,-1.398557,-1.117639
0.557,-1.109443,-1.109443,,,-1.447399,-1.118553
0.558,-1.105711,-1.105711,,,-1.459482,-1.111153
0.559,-1.096413,-1.096413,,,-1.288736,-1.103856
0.56,-1.029206,-1.029206,,,-0.972261,-1.077110
0.561,-0.979586,-0.979586,,,-0.778789,-1.035068
0.562,-0.933791,-0.933791,,,-0.796877,-0.980861
0.563,-0.853322,-0.853322,,,-0.985612,-0.922233
0.564,-0.785086,-0.785086,,,-0.44456,-0.857400
0.565,-0.78097,-0.78097,,,-0.469183,-0.806459
0.566,-0.771887,-0.771887,,,-0.73399,-0.779314
0.567,-0.774675,-0.774675,,,-0.894813,-0.775844
0.568,-0.80967,-0.80967,,,-0.562242,-0.785411
0.569,-0.798454,-0.798454,,,-0.708885,-0.794266
0.57,-0.88018,-0.88018,,,-1.243455,-0.829435
0.571,-0.880609,-0.880609,,,-0.872352,-0.853081
0.572,-0.854677,-0.854677,,,-0.80946,-0.871822
0.573,-0.848852,-0.848852,,,-1.181823,-0.861379
0.574,-0.849164,-0.849164,,,-0.862227,-0.850898
0.575,-0.90388,-0.90388,,,-1.343554,-0.867299
0.576,-0.867855,-0.867855,,,-0.473903,-0.873633
0.577,-0.834587,-0.834587,,,-0.44873,-0.868774
0.578,-0.821807,-0.821807,,,-0.830736,-0.841416
0.579,-0.721389,-0.721389,,,-0.565674,-0.792594
0.58,-0.611623,-0.611623,,,-1.310762,-0.718273
0.581,-0.542986,-0.542986,,,-0.847184,-0.625333
0.582,-0.544139,-0.544139,,,-0.506403,-0.566249
0.583,-0.519703,-0.519703,,,-0.668878,-0.535609
0.584,-0.425418,-0.425418,,,-0.077223,-0.496420
0.585,-0.435423,-0.435423,,,0.345198,-0.460181
0.586,-0.340452,-0.340452,,,-0.588552,-0.400431
0.587,-0.247059,-0.247059,,,-0.486584,-0.340978
0.588,-0.280611,-0.280611,,,-0.179933,-0.289374
0.589,-0.289068,-0.289068,,,0.2064,-0.272246
0.59,-0.326004,-0.326004,,,-0.675729,-0.298561
0.591,-0.400269,-0.400269,,,-0.266084,-0.338447
0.592,-0.347867,-0.347867,,,0.180143,-0.358047
0.593,-0.313437,-0.313437,,,-0.875474,-0.353858
0.594,-0.353962,-0.353962,,,-0.761913,-0.338422
0.595,-0.358669,-0.358669,,,-0.483516,-0.342023
0.596,-0.304516,-0.304516,,,-0.471721,-0.339049
0.597,-0.229173,-0.229173,,,-0.012131,-0.297453
0.598,-0.239401,-0.239401,,,-0.10785,-0.257697
0.599,-0.148489,-0.148489,,,-0.625703,-0.205688
0.6,-0.032063,-0.032063,,,0.154623,-0.139984
0.601,0.067027,0.067027,,,-0.080048,-0.037842
0.602,0.156672,0.156672,,,0.562682,0.063879
0.603,0.145099,0.145099,,,0.067635,0.122933
0.604,0.200558,0.200558,,,0.12456,0.167443
0.605,0.257325,0.257325,,,0.518774,0.200994
0.606,0.27486,0.27486,,,0.606471,0.244248
0.607,0.266087,0.266087,,,0.514376,0.266091
0.608,0.248502,0.248502,,,-0.139432,0.263150
0.609,0.24177,0.24177,,,0.502205,0.252120
0.61,0.218556,0.218556,,,-0.001275,0.236276
0.611,0.217366,0.217366,,,0.347517,0.225897
0.612,0.20039,0.20039,,,-0.176553,0.212104
0.613,0.174908,0.174908,,,0.369241,0.197555
0.614,0.272641,0.272641,,,-0.006412,0.215980
0.615,0.268403,0.268403,,,-0.1308,0.238651
0.616,0.330732,0.330732,,,0.505688,0.290592
0.617,0.375109,0.375109,,,0.419731,0.324748
0.618,0.449087,0.449087,,,0.234077,0.384976
0.619,0.507893,0.507893,,,0.935634,0.444030
0.62,0.576391,0.576391,,,0.45559,0.511124
0.621,0.660617,0.660617,,,0.684343,0.581634
0.622,0.73471,0.73471,,,0.835655,0.657239
0.623,0.748907,0.748907,,,0.637215,0.714745
0.624,0.739275,0.739275,,,1.016099,0.740964
0.625,0.771699,0.771699,,,0.747071,0.753294
0.626,0.869379,0.869379,,,0.795688,0.793451
0.627,0.862183,0.862183,,,1.320707,0.834420
0.628,0.796932,0.796932,,,0.575894,0.842831
0.629,0.792908,0.792908,,,0.128124,0.817341
0.63,0.755548,0.755548,,,1.292298,0.781796
0.631,0.747418,0.747418,,,1.530076,0.765291
0.632,0.71344,0.71344,,,0.60519,0.738802
0.633,0.68302,0.68302,,,0.117887,0.714626
0.634,0.724887,0.724887,,,0.59295,0.707116
0.635,0.758943,0.758943,,,0.60514,0.722283
0.636,0.753448,0.753448,,,0.657639,0.745759
0.637,0.769072,0.769072,,,0.421935,0.760488
0.638,0.822174,0.822174,,,0.986088,0.781565
0.639,0.908848,0.908848,,,1.03643,0.833365
0.64,0.959042,0.959042,,,0.502735,0.896688
0.641,1.028293,1.028293,,,1.231856,0.965394
0.642,1.026523,1.026523,,,1.701946,1.004619
0.643,1.094065,1.094065,,,1.189308,1.049627
0.644,1.090255,1.090255,,,1.071301,1.070281
0.645,1.137338,1.137338,,,1.145087,1.107219
0.646,1.172131,1.172131,,,1.366903,1.133241
0.647,1.185674,1.185674,,,0.638164,1.165048
0.648,1.076646,1.076646,,,1.164901,1.144817
0.649,1.057444,1.057444,,,0.944171,1.106588
0.65,1.040371,1.040371,,,1.554348,1.058154
0.651,0.984578,0.984578,,,0.885451,1.027464
0.652,0.939163,0.939163,,,1.380836,0.988037
0.653,0.991583,0.991583,,,0.502636,0.971775
0.654,0.958533,0.958533,,,0.978081,0.963093
0.655,0.913014,0.913014,,,0.883508,0.954377
0.656,0.862384,0.862384,,,0.531362,0.911310
0.657,0.852489,0.852489,,,0.867332,0.875962
0.658,0.815764,0.815764,,,1.214782,0.843546
0.659,0.867393,0.867393,,,0.801353,0.845215
0.66,0.831141,0.831141,,,0.443468,0.838099
0.661,0.803715,0.803715,,,0.997415,0.834083
0.662,0.861516,0.861516,,,0.776607,0.832124
0.663,0.855855,0.855855,,,0.976856,0.840362
0.664,0.756281,0.756281,,,1.070562,0.824551
0.665,0.778382,0.778382,,,0.579311,0.796839
0.666,0.811709,0.811709,,,0.58182,0.782124
0.667,0.760925,0.760925,,,1.167165,0.783672
0.668,0.707894,0.707894,,,0.805069,0.760176
0.669,0.690861,0.690861,,,0.119461,0.719893
0.67,0.649166,0.649166,,,1.04447,0.682640
0.671,0.706421,0.706421,,,0.810063,0.682149
0.672,0.710398,0.710398,,,0.438794,0.688662
0.673,0.662126,0.662126,,,0.193259,0.692982
0.674,0.634486,0.634486,,,0.7895,0.669003
0.675,0.699336,0.699336,,,0.611912,0.665316
0.676,0.678149,0.678149,,,1.209116,0.670657
0.677,0.698044,0.698044,,,0.625565,0.691843
0.678,0.704921,0.704921,,,0.636178,0.693705
0.679,0.736565,0.736565,,,0.501025,0.713177
0.68,0.71118,0.71118,,,0.832818,0.717555
0.681,0.733118,0.733118,,,0.811412,0.726954
0.682,0.714877,0.714877,,,1.028901,0.719725
0.683,0.689646,0.689646,,,0.514448,0.712547
0.684,0.65664,0.65664,,,0.541343,0.687054
0.685,0.64775,0.64775,,,0.51026,0.664679
0.686,0.585081,0.585081,,,0.853231,0.629824
0.687,0.549203,0.549203,,,1.008464,0.594011
0.688,0.399376,0.399376,,,0.348029,0.511220
0.689,0.329804,0.329804,,,0.273109,0.426128
0.69,0.255292,0.255292,,,0.40324,0.328157
0.691,0.139725,0.139725,,,0.143459,0.241607
0.692,0.029723,0.029723,,,0.416749,0.141580
0.693,-0.091893,-0.091893,,,-0.619193,0.025852
0.694,-0.13178,-0.13178,,,-0.250842,-0.064650
0.695,-0.126254,-0.126254,,,-0.27829,-0.116642
0.696,-0.166833,-0.166833,,,-0.760985,-0.141622
0.697,-0.203009,-0.203009,,,-0.356787,-0.165365
0.698,-0.236294,-0.236294,,,-0.329313,-0.202045
0.699,-0.145492,-0.145492,,,-0.090724,-0.194932
0.7,-0.145345,-0.145345,,,0.33389,-0.175710
0.701,-0.144623,-0.144623,,,-0.043126,-0.145153
0.702,-0.065331,-0.065331,,,-0.254478,-0.118433
0.703,-0.050859,-0.050859,,,0.050609,-0.086938
0.704,-0.023007,-0.023007,,,0.37963,-0.046399
0.705,-0.043224,-0.043224,,,-0.249222,-0.039030
0.706,-0.090854,-0.090854,,,-0.270342,-0.052362
0.707,-0.159316,-0.159316,,,0.111225,-0.097798
0.708,-0.187325,-0.187325,,,-0.197594,-0.145832
0.709,-0.253671,-0.253671,,,-0.022942,-0.200104
0.71,-0.380797,-0.380797,,,-0.313111,-0.273931
0.711,-0.461868,-0.461868,,,-0.190042,-0.365445
0.712,-0.479575,-0.479575,,,-0.796205,-0.440747
0.713,-0.558657,-0.558657,,,-0.562577,-0.500033
0.714,-0.625291,-0.625291,,,-0.679198,-0.554508
0.715,-0.679264,-0.679264,,,-1.018758,-0.621071
0.716,-0.670135,-0.670135,,,-1.141008,-0.658230
0.717,-0.762321,-0.762321,,,-0.46512,-0.703907
0.718,-0.776166,-0.776166,,,-0.75867,-0.736207
0.719,-0.795132,-0.795132,,,-0.930571,-0.777873
0.72,-0.739637,-0.739637,,,-0.616639,-0.770312
0.721,-0.688294,-0.688294,,,-0.212698,-0.741021
0.722,-0.617121,-0.617121,,,-1.204088,-0.681684
0.723,-0.665293,-0.665293,,,-0.9485,-0.656903
0.724,-0.693069,-0.693069,,,-0.771202,-0.658494
0.725,-0.669806,-0.669806,,,-0.068753,-0.676056
0.726,-0.692966,-0.692966,,,-0.453981,-0.685280
0.727,-0.746108,-0.746108,,,-0.358112,-0.702960
0.728,-0.734723,-0.734723,,,-0.995004,-0.724599
0.729,-0.737866,-0.737866,,,-1.064212,-0.739566
0.73,-0.762627,-0.762627,,,-0.674673,-0.745072
0.731,-0.834713,-0.834713,,,-0.871402,-0.778402
0.732,-0.869575,-0.869575,,,-0.797263,-0.822305
0.733,-0.97641,-0.97641,,,-1.078847,-0.893566
0.734,-1.038397,-1.038397,,,-0.983075,-0.961461
0.735,-1.00079,-1.00079,,,-1.043571,-1.005199
0.736,-0.988744,-0.988744,,,-0.861708,-1.009310
0.737,-1.014727,-1.014727,,,-0.837456,-1.001420
0.738,-1.066982,-1.066982,,,-1.533295,-1.023484
0.739,-1.038211,-1.038211,,,-1.676865,-1.039973
0.74,-0.995062,-0.995062,,,-0.650533,-1.033418
0.741,-0.924067,-0.924067,,,-0.542173,-0.985780
0.742,-0.907445,-0.907445,,,-1.157213,-0.942191
0.743,-0.921493,-0.921493,,,-1.372064,-0.917668
0.744,-0.891707,-0.891707,,,-0.762366,-0.906882
0.745,-0.829861,-0.829861,,,-0.508437,-0.881020
0.746,-0.875366,-0.875366,,,-0.262625,-0.865645
0.747,-0.955178,-0.955178,,,-0.678869,-0.886802
0.748,-0.899317,-0.899317,,,-0.991985,-0.909954
0.749,-0.833381,-0.833381,,,-1.205642,-0.895959
0.75,-0.841064,-0.841064,,,-0.996565,-0.857921
0.751,-0.926547,-0.926547,,,-1.151089,-0.866997
0.752,-0.982783,-0.982783,,,-1.420104,-0.916798
0.753,-1.002363,-1.002363,,,-0.542739,-0.970564
0.754,-0.993031,-0.993031,,,-0.646775,-0.992726
0.755,-0.935805,-0.935805,,,-0.846874,-0.977066
0.756,-0.907796,-0.907796,,,-1.448754,-0.945544
0.757,-0.856808,-0.856808,,,-0.881214,-0.900136
0.758,-0.77906,-0.77906,,,-0.894252,-0.847888
0.759,-0.785391,-0.785391,,,-0.889333,-0.807086
0.76,-0.838056,-0.838056,,,-0.576157,-0.800836
0.761,-0.821159,-0.821159,,,-0.688466,-0.814869
0.762,-0.768163,-0.768163,,,-0.590215,-0.809126
0.763,-0.789027,-0.789027,,,-0.564879,-0.792783
0.764,-0.731434,-0.731434,,,-0.612378,-0.762875
0.765,-0.676978,-0.676978,,,-1.22609,-0.732480
0.766,-0.664982,-0.664982,,,-0.661009,-0.691131
0.767,-0.676167,-0.676167,,,-0.865796,-0.672709
0.768,-0.668577,-0.668577,,,-1.110723,-0.669909
0.769,-0.700458,-0.700458,,,-0.260732,-0.681734
0.77,-0.72172,-0.72172,,,-0.290318,-0.696918
0.771,-0.719603,-0.719603,,,-0.444192,-0.713927
0.772,-0.723513,-0.723513,,,-0.811506,-0.721612
0.773,-0.711792,-0.711792,,,-0.506727,-0.718303
0.774,-0.707681,-0.707681,,,-0.915564,-0.714329
0.775,-0.73881,-0.73881,,,-0.846268,-0.719428
0.776,-0.760072,-0.760072,,,-1.2028,-0.735521
0.777,-0.708691,-0.708691,,,-0.704018,-0.735858
0.778,-0.642097,-0.642097,,,-0.736865,-0.703620
0.779,-0.622223,-0.622223,,,-1.065506,-0.657670
0.78,-0.555294,-0.555294,,,-0.603144,-0.606538
0.781,-0.49857,-0.49857,,,-0.524199,-0.558696
0.782,-0.416154,-0.416154,,,0.120999,-0.490006
0.783,-0.404452,-0.404452,,,-0.078974,-0.439725
0.784,-0.36676,-0.36676,,,-0.288109,-0.395789
0.785,-0.318336,-0.318336,,,-0.179354,-0.363183
0.786,-0.328586,-0.328586,,,-0.222304,-0.337894
0.787,-0.300284,-0.300284,,,-0.296219,-0.315735
0.788,-0.335153,-0.335153,,,-0.575296,-0.321341
0.789,-0.411029,-0.411029,,,-0.32225,-0.348822
0.79,-0.420586,-0.420586,,,-0.532846,-0.388923
0.791,-0.405812,-0.405812,,,-0.715889,-0.412476
0.792,-0.379979,-0.379979,,,-0.21288,-0.402126
0.793,-0.341468,-0.341468,,,-0.262567,-0.375753
0.794,-0.296581,-0.296581,,,-0.913605,-0.339343
0.795,-0.290332,-0.290332,,,-0.39324,-0.309460
0.796,-0.262973,-0.262973,,,-0.016834,-0.283295
0.797,-0.172099,-0.172099,,,0.061855,-0.241801
0.798,-0.119137,-0.119137,,,0.127403,-0.184736
0.799,-0.031473,-0.031473,,,-0.08154,-0.107570
0.8,0.113985,0.113985,,,-0.253514,-0.012208
0.801,0.180454,0.180454,,,-0.231895,0.087655
0.802,0.182592,0.182592,,,0.283729,0.159010
0.803,0.201561,0.201561,,,0.369696,0.188202
0.804,0.226885,0.226885,,,0.701744,0.203679
0.805,0.256879,0.256879,,,0.686428,0.228442
0.806,0.289341,0.289341,,,0.337924,0.257702
0.807,0.340098,0.340098,,,0.006685,0.295439
0.808,0.321955,0.321955,,,0.270515,0.317131
0.809,0.292632,0.292632,,,0.405964,0.318228
0.81,0.260422,0.260422,,,0.248392,0.291670
0.811,0.21356,0.21356,,,0.103566,0.255538
0.812,0.221064,0.221064,,,0.326433,0.231682
0.813,0.265931,0.265931,,,0.084157,0.233518
0.814,0.255744,0.255744,,,0.047148,0.247580
0.815,0.259148,0.259148,,,0.347426,0.260274
0.816,0.337117,0.337117,,,0.170945,0.284003
0.817,0.364643,0.364643,,,0.420469,0.320303
0.818,0.352069,0.352069,,,0.500231,0.351276
0.819,0.373164,0.373164,,,0.158451,0.363292
0.82,0.452136,0.452136,,,0.443413,0.392456
0.821,0.504957,0.504957,,,1.106044,0.443419
0.822,0.56911,0.56911,,,0.406357,0.508734
0.823,0.644734,0.644734,,,0.188119,0.572934
0.824,0.603814,0.603814,,,0.316205,0.605886
0.825,0.673754,0.673754,,,0.91584,0.640767
0.826,0.745599,0.745599,,,0.928455,0.674389
0.827,0.680362,0.680362,,,0.876631,0.699905
0.828,0.696602,0.696602,,,1.252327,0.707521
0.829,0.721339,0.721339,,,0.050108,0.699434
0.83,0.731021,0.731021,,,0.927797,0.716321
0.831,0.70383,0.70383,,,1.233709,0.718730
0.832,0.727079,0.727079,,,0.388437,0.720643
0.833,0.771334,0.771334,,,0.584997,0.734081
0.834,0.72824,0.72824,,,0.460228,0.742218
0.835,0.862101,0.862101,,,0.422703,0.787225
0.836,0.871644,0.871644,,,0.616737,0.820662
0.837,0.906057,0.906057,,,1.184197,0.879934
0.838,0.971629,0.971629,,,1.363435,0.916443
0.839,1.028612,1.028612,,,0.778296,0.968766
0.84,1.104713,1.104713,,,1.522575,1.034985
0.841,1.260465,1.260465,,,1.03277,1.131263
0.842,1.33283,1.33283,,,1.612248,1.232669
0.843,1.307304,1.307304,,,1.109731,1.300200
0.844,1.306265,1.306265,,,1.211816,1.315466
0.845,1.316552,1.316552,,,1.297331,1.310040
0.846,1.250025,1.250025,,,2.135982,1.290947
0.847,1.260959,1.260959,,,1.412751,1.275845
0.848,1.191035,1.191035,,,0.903404,1.234006
0.849,1.170648,1.170648,,,1.352009,1.207547
0.85,1.132473,1.132473,,,0.89145,1.164719
0.851,1.09572,1.09572,,,0.790778,1.132947
0.852,0.98714,0.98714,,,1.15305,1.071778
0.853,0.883248,0.883248,,,0.843084,0.988703
0.854,0.90098,0.90098,,,0.885476,0.923789
0.855,0.837748,0.837748,,,0.791884,0.873992
0.856,0.808524,0.808524,,,0.893051,0.849084
0.857,0.830255,0.830255,,,0.941603,0.825509
0.858,0.825864,0.825864,,,0.269936,0.821548
0.859,0.829855,0.829855,,,1.098462,0.828658
0.86,0.871204,0.871204,,,0.656451,0.842308
0.861,0.859566,0.859566,,,0.569994,0.853542
0.862,0.86024,0.86024,,,1.02981,0.863670
0.863,0.846133,0.846133,,,1.104752,0.855313
0.864,0.90113,0.90113,,,0.886987,0.869168
0.865,0.882422,0.882422,,,1.340316,0.876562
0.866,0.861471,0.861471,,,0.663865,0.881674
0.867,0.888766,0.888766,,,0.900462,0.877553
0.868,0.850347,0.850347,,,0.786423,0.866861
0.869,0.747295,0.747295,,,0.874908,0.828803
0.87,0.659344,0.659344,,,0.892676,0.752329
0.871,0.582101,0.582101,,,0.425984,0.662913
0.872,0.561133,0.561133,,,0.870241,0.600859
0.873,0.523713,0.523713,,,0.607208,0.555649
0.874,0.501557,0.501557,,,-0.028827,0.528801
0.875,0.481607,0.481607,,,-0.080471,0.502292
0.876,0.483016,0.483016,,,0.49064,0.488727
0.877,0.473386,0.473386,,,0.433218,0.479336
0.878,0.423296,0.423296,,,0.488841,0.459899
0.879,0.399365,0.399365,,,0.542709,0.432016
0.88,0.469319,0.469319,,,0.655453,0.430660
0.881,0.566587,0.566587,,,0.908182,0.478424
0.882,0.561033,0.561033,,,0.320052,0.532313
0.883,0.497574,0.497574,,,0.319253,0.541731
0.884,0.443075,0.443075,,,0.343968,0.500561
0.885,0.399111,0.399111,,,0.740665,0.446587
0.886,0.344058,0.344058,,,0.989475,0.395415
0.887,0.262279,0.262279,,,0.429549,0.335149
0.888,0.239357,0.239357,,,-0.264828,0.281898
0.889,0.201575,0.201575,,,-0.110657,0.234404
0.89,0.194963,0.194963,,,0.059106,0.211965
0.891,0.103295,0.103295,,,0.049869,0.166611
0.892,-0.016329,-0.016329,,,0.008616,0.093976
0.893,-0.047298,-0.047298,,,0.067914,0.013223
0.894,-0.067867,-0.067867,,,-0.096354,-0.043831
0.895,-0.047179,-0.047179,,,0.271236,-0.054115
0.896,-0.046992,-0.046992,,,-0.267683,-0.054013
0.897,-0.050568,-0.050568,,,-0.32639,-0.048246
0.898,-0.001881,-0.001881,,,0.088896,-0.033147
0.899,-0.019126,-0.019126,,,-0.491085,-0.023858
0.9,0.049784,0.049784,,,0.116908,0.009592
0.901,0.019235,0.019235,,,0.061159,0.016631
0.902,0.003621,0.003621,,,0.010534,0.024213
0.903,0.023278,0.023278,,,0.544178,0.015378
0.904,-0.0339,-0.0339,,,-0.121784,-0.002334
0.905,-0.037851,-0.037851,,,0.661655,-0.016158
0.906,-0.074063,-0.074063,,,-0.064799,-0.048605
0.907,-0.108624,-0.108624,,,-0.439445,-0.073513
0.908,-0.177363,-0.177363,,,-0.110157,-0.120017
0.909,-0.255904,-0.255904,,,-0.540061,-0.180630
0.91,-0.272718,-0.272718,,,-0.534544,-0.235328
0.911,-0.354784,-0.354784,,,-0.281431,-0.294469
0.912,-0.395441,-0.395441,,,-0.319007,-0.340981
0.913,-0.377705,-0.377705,,,-0.745602,-0.375977
0.914,-0.475703,-0.475703,,,-0.319769,-0.416283
0.915,-0.488711,-0.488711,,,-0.306738,-0.447373
0.916,-0.513862,-0.513862,,,-0.241074,-0.492759
0.917,-0.532287,-0.532287,,,-0.512021,-0.511620
0.918,-0.564281,-0.564281,,,-0.244355,-0.536810
0.919,-0.54597,-0.54597,,,-1.188126,-0.547513
0.92,-0.511669,-0.511669,,,-0.683157,-0.540640
0.921,-0.53739,-0.53739,,,-0.811205,-0.531676
0.922,-0.557671,-0.557671,,,-0.484099,-0.535577
0.923,-0.576818,-0.576818,,,-0.670943,-0.557293
0.924,-0.618753,-0.618753,,,-0.544183,-0.584414
0.925,-0.584125,-0.584125,,,0.057546,-0.593232
0.926,-0.5906,-0.5906,,,-0.589673,-0.597826
0.927,-0.572517,-0.572517,,,-0.46417,-0.582414
0.928,-0.576538,-0.576538,,,-0.722637,-0.579885
0.929,-0.604055,-0.604055,,,-0.705638,-0.584370
0.93,-0.637688,-0.637688,,,-0.807212,-0.606094
0.931,-0.773855,-0.773855,,,-0.754387,-0.671866
0.932,-0.820787,-0.820787,,,-0.612293,-0.744110
0.933,-0.848158,-0.848158,,,-0.528327,-0.814267
0.934,-0.849999,-0.849999,,,-0.973632,-0.839648
0.935,-0.866539,-0.866539,,,-0.914142,-0.854899
0.936,-0.850662,-0.850662,,,-1.440298,-0.855733
0.937,-0.846063,-0.846063,,,-1.105921,-0.854421
0.938,-0.831675,-0.831675,,,-0.765247,-0.842800
0.939,-0.84776,-0.84776,,,-0.742894,-0.841833
0.94,-0.840557,-0.840557,,,-0.887574,-0.839997
0.941,-0.821195,-0.821195,,,-0.632572,-0.836504
0.942,-0.84598,-0.84598,,,-0.703796,-0.835911
0.943,-0.815042,-0.815042,,,-0.454021,-0.827406
0.944,-0.930222,-0.930222,,,-0.705268,-0.863748
0.945,-1.000599,-1.000599,,,-0.894398,-0.915288
0.946,-1.004072,-1.004072,,,-0.701151,-0.978298
0.947,-1.034959,-1.034959,,,-1.712937,-1.013210
0.948,-1.107895,-1.107895,,,-0.765604,-1.048975
0.949,-1.193525,-1.193525,,,-2.032227,-1.112126
0.95,-1.200003,-1.200003,,,-1.517039,-1.167141
0.951,-1.238486,-1.238486,,,-0.925779,-1.210671
0.952,-1.217004,-1.217004,,,-0.972325,-1.218498
0.953,-1.160074,-1.160074,,,-1.506094,-1.205188
0.954,-1.172264,-1.172264,,,-1.395957,-1.183114
0.955,-1.029879,-1.029879,,,-0.776526,-1.120739
0.956,-0.968309,-0.968309,,,-1.317708,-1.056817
0.957,-0.985322,-0.985322,,,-0.464844,-0.994503
0.958,-0.968644,-0.968644,,,-1.086716,-0.974092
0.959,-0.897663,-0.897663,,,-0.899686,-0.950543
0.96,-0.870797,-0.870797,,,-0.465994,-0.912368
0.961,-0.869553,-0.869553,,,-0.839769,-0.879338
0.962,-0.833543,-0.833543,,,-1.112923,-0.857964
0.963,-0.832145,-0.832145,,,-0.788869,-0.845080
0.964,-0.801979,-0.801979,,,-0.725299,-0.822556
0.965,-0.801449,-0.801449,,,-1.100429,-0.811858
0.966,-0.839432,-0.839432,,,-0.762845,-0.814287
0.967,-0.837738,-0.837738,,,-0.921596,-0.826206
0.968,-0.802643,-0.802643,,,-0.449464,-0.826604
0.969,-0.841754,-0.841754,,,-0.754894,-0.827378
0.97,-0.886689,-0.886689,,,-0.893856,-0.843695
0.971,-0.836046,-0.836046,,,-0.883813,-0.854830
0.972,-0.85277,-0.85277,,,-0.821134,-0.858502
0.973,-0.876265,-0.876265,,,-0.72687,-0.855027
0.974,-0.884638,-0.884638,,,-1.219094,-0.871224
0.975,-0.856809,-0.856809,,,-1.219583,-0.872571
0.976,-0.862776,-0.862776,,,-0.543355,-0.868074
0.977,-0.814195,-0.814195,,,-0.946816,-0.844593
0.978,-0.751052,-0.751052,,,-1.180034,-0.809341
0.979,-0.701267,-0.701267,,,-0.541567,-0.755505
0.98,-0.596294,-0.596294,,,-0.448774,-0.682871
0.981,-0.545136,-0.545136,,,-0.959495,-0.614232
0.982,-0.508107,-0.508107,,,-0.349425,-0.549846
0.983,-0.453065,-0.453065,,,-0.126563,-0.502103
0.984,-0.384132,-0.384132,,,-0.179226,-0.448435
0.985,-0.339249,-0.339249,,,-0.064396,-0.392149
0.986,-0.289088,-0.289088,,,-0.656849,-0.337490
0.987,-0.186219,-0.186219,,,-0.136032,-0.271519
0.988,-0.153136,-0.153136,,,-0.341353,-0.209481
0.989,-0.178949,-0.178949,,,-0.421772,-0.172768
0.99,-0.18544,-0.18544,,,-0.04785,-0.172508
0.991,-0.187358,-0.187358,,,0.102988,-0.183916
0.992,-0.147604,-0.147604,,,0.172064,-0.173467
0.993,-0.148067,-0.148067,,,0.014496,-0.161010
0.994,-0.103042,-0.103042,,,-0.410513,-0.132904
0.995,-0.071169,-0.071169,,,-0.250618,-0.107426
0.996,-0.073761,-0.073761,,,-0.085498,-0.082657
0.997,-0.095854,-0.095854,,,-0.219558,-0.080261
0.998,-0.134128,-0.134128,,,-0.141118,-0.101248
0.999,-0.158899,-0.158899,,,0.153912,-0.129627
